{"camera_matrix": [[1198.9401031208174, 0.0, 1313.217516655429], [0.0, 1275.955582983184, 755.6124748900905], [0.0, 0.0, 1.0]], "dist_coeff": [[-0.07296574782797723, 0.005507100640471777, -0.0018733671176698386, -0.0012803959014684703, -0.000510202853284004, 0.18557987138960133, -0.024192179325072706, 0.0005669019733000076, 0.0, 0.0, 0.0, 0.0, 0.0, 0.0]]}