{"real_world_points": [[10.649999618530273, 7.0, 1.409999966621399], [11.899999618530273, 7.0, 1.409999966621399], [13.149999618530273, 7.0, 1.409999966621399], [14.399999618530273, 7.0, 1.409999966621399], [15.649999618530273, 7.0, 1.409999966621399], [16.899999618530273, 7.0, 1.409999966621399], [18.149999618530273, 7.0, 1.409999966621399], [19.399999618530273, 7.0, 1.409999966621399], [20.649999618530273, 7.0, 1.409999966621399], [21.899999618530273, 7.0, 1.409999966621399], [26.899999618530273, 7.0, 1.409999966621399], [28.149999618530273, 7.0, 1.409999966621399], [29.399999618530273, 7.0, 1.409999966621399], [30.649999618530273, 7.0, 1.409999966621399], [33.150001525878906, 7.0, 1.409999966621399], [34.400001525878906, 7.0, 1.409999966621399], [35.650001525878906, 7.0, 1.409999966621399], [36.900001525878906, 7.0, 1.409999966621399], [10.649999618530273, 7.0, 0.0], [11.899999618530273, 7.0, 0.0], [13.149999618530273, 7.0, 0.0], [15.649999618530273, 7.0, 0.0], [21.899999618530273, 7.0, 0.0], [26.899999618530273, 7.0, 0.0], [28.149999618530273, 7.0, 0.0], [34.400001525878906, 7.0, 0.0], [36.900001525878906, 7.0, 0.0]], "image_points": [[413.0, 529.0], [454.0, 519.0], [500.0, 508.0], [555.0, 494.0], [619.0, 483.0], [695.0, 470.0], [782.0, 457.0], [886.0, 446.0], [1005.0, 434.0], [1135.0, 429.0], [1710.0, 445.0], [1836.0, 460.0], [1946.0, 474.0], [2043.0, 492.0], [2195.0, 524.0], [2254.0, 541.0], [2303.0, 557.0], [2347.0, 570.0], [440.0, 591.0], [482.0, 581.0], [528.0, 573.0], [650.0, 559.0], [1149.0, 533.0], [1688.0, 547.0], [1808.0, 552.0], [2222.0, 612.0], [2318.0, 631.0]]}