{"M": [[12.834567901234593, 11.408504801097418, -15629.651577503462], [1.3992226181121973e-15, 17.155006858710596, -4974.9519890260735], [1.0024329990202773e-18, 0.008641975308641992, 1.0]], "maxWidth": 2600, "maxHeight": 1444}